{
    "menu": [
      {
        "id": 1,
        "header": "Floating Text Banner",
        "identifier": "floatingbanner",
        "path":"routeimage"
      },
      {
        "id": 2,
        "header": "E-Commerce",
        "identifier": "ecommerce",
        "path":"ecommerce"
      },
      {
        "id": 3,
        "header": "Countdown Timer",
        "identifier": "countdowntimer",
        "path":"countdown"
      },
      {
        "id": 4,
        "header": "Countdown Timer using RxJS",
        "identifier": "countdownusingrxjs",
        "path":"coountdownusingrxjs"
      },
      {
        "id": 5,
        "header": "Student Data",
        "identifier": "student",
        "path":"student"
      },
      {
        "id": 6,
        "header": "Dynamic Div",
        "identifier": "dynamicdiv",
        "path":"dynamic"
      }
    ]
  }