{
    "products": [
        {
            "itemid": 1,
            "title": "Watch",
            "price": "2999",
            "oldprice":"5500",
            "discount": "10",
            "description": "boAt Xtend Smartwatch with Alexa Built-in",
            "imageUrl":"https://images-eu.ssl-images-amazon.com/images/I/41pfjyUPZLL._AC_SX368_.jpg",
            "brand":"boAt",
            "rating":"3"
        },
        {
            "itemid": 2,
            "title": "Earphone",
            "price": "1499",
            "oldprice":"1999",
            "discount": "10",
            "description": "Boult Audio AirBass PowerBuds TWS Earbuds with 120 Hours Total Playtime",
            "imageUrl":"https://images-eu.ssl-images-amazon.com/images/I/31HCuejwhkL._AC_SX368_.jpg",
            "brand":"Boult Audio",
            "rating":"3"
        },
        {
            "itemid": 3,
            "title": "Keyboard",
            "price": "1799",
            "oldprice":"2500",
            "discount": "10",
            "description": "Zebronics ZEB-KM2100 Multimedia USB Keyboard",
            "imageUrl":"https://images-eu.ssl-images-amazon.com/images/I/41XQP3N-SdL._AC_SX368_.jpg",
            "brand":"Zebronics",
            "rating":"3"
        },
        {
            "itemid": 4,
            "title": "Tripod",
            "price": "8516",
            "oldprice":"10000",
            "discount": "10",
            "description": "Handheld 3-Axis Smartphone Gimbal Stabilizer with Grip Tripod",
            "imageUrl":"https://images-na.ssl-images-amazon.com/images/G/31/img21/CEPC/Electronics/Revamp/SBC/xcm_banners_10_sbc_v1_564x564_in-en._CB657839315_.jpg",
            "brand":"DJI",
            "rating":"3"
        },{
            "itemid": 5,
            "title": "CCTV",
            "price": "2699",
            "oldprice":"3500",
            "discount": "10",
            "description": "Qubo CamEye HomeCam 360",
            "imageUrl":"https://m.media-amazon.com/images/I/31qBZuiZ9EL.jpg",
            "brand":"Qubo",
            "rating":"3"
        },{
            "itemid": 6,
            "title": "Speaker",
            "price": "4999",
            "oldprice":"5500",
            "discount": "10",
            "description": "BoAt lightweight speaker",
            "imageUrl":"https://m.media-amazon.com/images/I/41TAKjYMgxL.jpg",
            "brand":"boAt",
            "rating":"3"
        },{
            "itemid": 7,
            "title": "Watch",
            "price": "6999",
            "oldprice":"7999",
            "discount": "10",
            "description": "Timex Wrist Watch",
            "imageUrl":"https://m.media-amazon.com/images/I/51Q1tNCJgkS.jpg",
            "brand":"Timex",
            "rating":"3"
        },
        {
            "itemid": 8,
            "title": "Pen",
            "price": "4000",
            "oldprice":"500",
            "discount": "10",
            "description": "Luxor Supertop Ball Pen Assorted (40 PCS)",
            "imageUrl":"https://m.media-amazon.com/images/I/41FUu2-1+gL._AC_SR160,160_.jpg",
            "brand":"Luxor",
            "rating":"3"
        },
        {
            "itemid": 9,
            "title": "Ball Pen",
            "price": "200",
            "oldprice":"500",
            "discount": "10",
            "description": "Pentonic Linc Ball Point Pen - Pack of 20 (Black)",
            "imageUrl":"https://m.media-amazon.com/images/I/41jyCU8wWAL._AC_SR160,160_.jpg",
            "brand":"Pentonic",
            "rating":"3"
        }
        

        ,{
            "itemid": 10,
            "title": "Book",
            "price": "615",
            "oldprice":"700",
            "discount": "10",
            "description": "Textbook of Histology : 5/E",
            "imageUrl":"https://images-eu.ssl-images-amazon.com/images/I/6135l6lVttL._AC_UL320_SR320,320_.jpg",
            "brand":"Pentonic",
            "rating":"3"
        },
        {
            "itemid": 11,
            "title": "Notebook",
            "price": "679",
            "oldprice":"800",
            "discount": "10",
            "description": "AmazonBasics Shagreen Journal, 2-Pack",
            "imageUrl":"https://images-eu.ssl-images-amazon.com/images/I/A1IyhxJtMxL._AC_UL320_SR320,320_.jpg",
            "brand":"Amazon",
            "rating":"3"
        }
,
        {
            "itemid": 12,
            "title": "Mobile Phone",
            "price": "6999",
            "oldprice":"8999",
            "discount": "10",
            "description": "Redmi 9A Sport (Coral Green, 2GB RAM, 32GB Storage)",
            "imageUrl":"https://m.media-amazon.com/images/I/810KHyQ4WcL._AC_UL640_FMwebp_QL65_.jpg",
            "brand":"Redmi",
            "rating":"3"
        }
,
        {
            "itemid": 13,
            "title": "Notebook",
            "price": "24999",
            "oldprice":"31999",
            "discount": "10",
            "description": "OnePlus Nord CE 2 5G (Gray Mirror, 8GB RAM, 128GB Storage)",
            "imageUrl":"https://m.media-amazon.com/images/I/619n6kxuGsL._AC_UL640_FMwebp_QL65_.jpg",
            "brand":"Amazon",
            "rating":"3"
        },
        {
            "itemid": 14,
            "title": "Laptop",
            "price": "84999",
            "oldprice":"92000",
            "discount": "10",
            "description": "2020 Apple MacBook Air Laptop: Apple M1 chip, 13.3-inch/33.74",
            "imageUrl":"https://m.media-amazon.com/images/I/71jG+e7roXL._AC_UL640_QL65_.jpg",
            "brand":"Apple",
            "rating":"5"
        },
        {
            "itemid": 15,
            "title": "Laptop",
            "price": "112000",
            "oldprice":"120000",
            "discount": "10",
            "description": "2020 Apple MacBook Pro (13.3-inch/33.78 cm",
            "imageUrl":"https://m.media-amazon.com/images/I/71gD8WdSlaL._AC_UL640_QL65_.jpg",
            "brand":"Amazon",
            "rating":"3"
        },
        {
            "itemid": 16,
            "title": "Watch",
            "price": "1599",
            "oldprice":"1799",
            "discount": "10",
            "description": "OnePlus Smart Band: 13 Exercise Modes, Blood Oxygen Saturation (SpO2)",
            "imageUrl":"https://images-eu.ssl-images-amazon.com/images/I/410vmwQSZaL._AC_SX368_.jpg",
            "brand":"OnePlus",
            "rating":"3"
        },
        {
            "itemid": 17,
            "title": "Memory Card",
            "price": "679",
            "oldprice":"799",
            "discount": "10",
            "description": "SanDisk Ultra microSD UHS-I Card 64GB",
            "imageUrl":"https://images-eu.ssl-images-amazon.com/images/I/41ML8ZbPiiL._AC_SX368_.jpg",
            "brand":"SanDisk",
            "rating":"3"
        },
        {
            "itemid": 18,
            "title": "Mouse",
            "price": "545",
            "oldprice":"799",
            "discount": "10",
            "description": "Logitech B170 Wireless Mouse, 2.4 GHz with USB Nano Receiver",
            "imageUrl":"https://m.media-amazon.com/images/I/51kdFjyPRAL._AC_UL640_QL65_.jpg",
            "brand":"Logitech",
            "rating":"3"
        },{
            "itemid": 19,
            "title": "Cartridge",
            "price": "809",
            "oldprice":"999",
            "discount": "10",
            "description": "HP 680 Original Ink Advantage Cartridge (Black)",
            "imageUrl":"https://m.media-amazon.com/images/I/71kSLhL3NDL._AC_UL640_QL65_.jpg",
            "brand":"HP",
            "rating":"3"
        },
        {
            "itemid": 20,
            "title": "Laptop Table",
            "price": "699",
            "oldprice":"799",
            "discount": "10",
            "description": "Callas Multipurpose Foldable Laptop Table with Cup Holder | Drawer | Mac Holder",
            "imageUrl":"https://images-eu.ssl-images-amazon.com/images/I/41YjSD1XPoS._AC_SX368_.jpg",
            "brand":"Callas",
            "rating":"3"
        }
    ]
}