{
    "products": [
        {
            "itemid": 1,
            "title": "Watch",
            "price": "2999",
            "oldprice":"5500",
            "discount": "10",
            "description": "boAt Xtend Smartwatch with Alexa Built-in",
            "imageUrl":"https://images-eu.ssl-images-amazon.com/images/I/41pfjyUPZLL._AC_SX368_.jpg",
            "brand":"boAt",
            "rating":"3"
        },
        {
            "itemid": 2,
            "title": "Earphone",
            "price": "1499",
            "oldprice":"1999",
            "discount": "10",
            "description": "Boult Audio AirBass PowerBuds TWS Earbuds with 120 Hours Total Playtime",
            "imageUrl":"https://images-eu.ssl-images-amazon.com/images/I/31HCuejwhkL._AC_SX368_.jpg",
            "brand":"Boult Audio",
            "rating":"3"
        },
        {
            "itemid": 3,
            "title": "Keyboard",
            "price": "1799",
            "oldprice":"2500",
            "discount": "10",
            "description": "Zebronics ZEB-KM2100 Multimedia USB Keyboard",
            "imageUrl":"https://images-eu.ssl-images-amazon.com/images/I/41XQP3N-SdL._AC_SX368_.jpg",
            "brand":"Zebronics",
            "rating":"3"
        },
        {
            "itemid": 4,
            "title": "Tripod",
            "price": "8516",
            "oldprice":"10000",
            "discount": "10",
            "description": "Handheld 3-Axis Smartphone Gimbal Stabilizer with Grip Tripod",
            "imageUrl":"https://images-na.ssl-images-amazon.com/images/G/31/img21/CEPC/Electronics/Revamp/SBC/xcm_banners_10_sbc_v1_564x564_in-en._CB657839315_.jpg",
            "brand":"DJI",
            "rating":"3"
        },{
            "itemid": 3,
            "title": "CCTV",
            "price": "2699",
            "oldprice":"3500",
            "discount": "10",
            "description": "Qubo CamEye HomeCam 360",
            "imageUrl":"https://m.media-amazon.com/images/I/31qBZuiZ9EL.jpg",
            "brand":"Qubo",
            "rating":"3"
        },{
            "itemid": 3,
            "title": "Speaker",
            "price": "4999",
            "oldprice":"5500",
            "discount": "10",
            "description": "BoAt lightweight speaker",
            "imageUrl":"https://m.media-amazon.com/images/I/41TAKjYMgxL.jpg",
            "brand":"boAt",
            "rating":"3"
        },{
            "itemid": 3,
            "title": "Watch",
            "price": "6999",
            "oldprice":"7999",
            "discount": "10",
            "description": "Timex Wrist Watch",
            "imageUrl":"https://m.media-amazon.com/images/I/51Q1tNCJgkS.jpg",
            "brand":"Timex",
            "rating":"3"
        },
        {
            "itemid": 3,
            "title": "Pen",
            "price": "4000",
            "oldprice":"500",
            "discount": "10",
            "description": "Luxor Supertop Ball Pen Assorted (40 PCS)",
            "imageUrl":"https://m.media-amazon.com/images/I/41FUu2-1+gL._AC_SR160,160_.jpg",
            "brand":"Luxor",
            "rating":"3"
        },
        {
            "itemid": 3,
            "title": "Ball Pen",
            "price": "200",
            "oldprice":"500",
            "discount": "10",
            "description": "Pentonic Linc Ball Point Pen - Pack of 20 (Black)",
            "imageUrl":"https://m.media-amazon.com/images/I/41jyCU8wWAL._AC_SR160,160_.jpg",
            "brand":"Pentonic",
            "rating":"3"
        }
        

        ,{
            "itemid": 3,
            "title": "Book",
            "price": "615",
            "oldprice":"700",
            "discount": "10",
            "description": "Textbook of Histology : 5/E",
            "imageUrl":"https://images-eu.ssl-images-amazon.com/images/I/6135l6lVttL._AC_UL320_SR320,320_.jpg",
            "brand":"Pentonic",
            "rating":"3"
        },
        {
            "itemid": 3,
            "title": "Notebook",
            "price": "679",
            "oldprice":"800",
            "discount": "10",
            "description": "AmazonBasics Shagreen Journal, 2-Pack",
            "imageUrl":"https://images-eu.ssl-images-amazon.com/images/I/A1IyhxJtMxL._AC_UL320_SR320,320_.jpg",
            "brand":"Amazon",
            "rating":"3"
        }
,
        {
            "itemid": 3,
            "title": "Mobile Phone",
            "price": "6999",
            "oldprice":"8999",
            "discount": "10",
            "description": "Redmi 9A Sport (Coral Green, 2GB RAM, 32GB Storage)",
            "imageUrl":"https://m.media-amazon.com/images/I/810KHyQ4WcL._AC_UL640_FMwebp_QL65_.jpg",
            "brand":"Redmi",
            "rating":"3"
        }
,
        {
            "itemid": 3,
            "title": "Notebook",
            "price": "24999",
            "oldprice":"31999",
            "discount": "10",
            "description": "OnePlus Nord CE 2 5G (Gray Mirror, 8GB RAM, 128GB Storage)",
            "imageUrl":"https://m.media-amazon.com/images/I/619n6kxuGsL._AC_UL640_FMwebp_QL65_.jpg",
            "brand":"Amazon",
            "rating":"3"
        }
    ]
}