{
  "sudentsColumn": [
    {
      "field": "name",
      "header": "Name",
      "display": true,
      "displaysequence": 1
    },
    {
      "field": "class",
      "header": "Class",
      "display": true,
      "displaysequence": 2
    },
    {
      "field": "section",
      "header": "Section",
      "display": true,
      "displaysequence": 3
    },
    {
      "field": "sub1",
      "header": "Subject 1",
      "display": true,
      "displaysequence": 4
    },
    {
      "field": "sub2",
      "header": "Subject 2",
      "display": true,
      "displaysequence": 5
    },
    {
      "field": "sub1",
      "header": "Subject 3",
      "display": true,
      "displaysequence": 6
    }
  ],
  "studentsData": [
    {
      "name": "Rahul",
      "class": "B.Tech",
      "section": "A",
      "sub1": 30,
      "sub2": 10,
      "sub3": 50
    },
    {
      "name": "Sam",
      "class": "MCA",
      "section": "B",
      "sub1": 23,
      "sub2": 32,
      "sub3": 65
    },
    {
      "name": "Shekhar",
      "class": "BBA",
      "section": "D",
      "sub1": 3,
      "sub2": 7,
      "sub3": 78
    },
    {
      "name": "Joe",
      "class": "Ph.D",
      "section": "W",
      "sub1": 89,
      "sub2": 30,
      "sub3": 90
    },
    {
      "name": "Sunny",
      "class": "Intermediate",
      "section": "T",
      "sub1": 43,
      "sub2": 29,
      "sub3": 56
    },
    {
      "name": "Suresh",
      "class": "Matric",
      "section": "C",
      "sub1": 20,
      "sub2": 40,
      "sub3": 59
    },
    {
      "name": "Ranjit",
      "class": "MS",
      "section": "H",
      "sub1": 70,
      "sub2": 75,
      "sub3": 57
    },
    {
      "name": "Lokesh",
      "class": "Ph.D",
      "section": "A",
      "sub1": 30,
      "sub2": 90,
      "sub3": 89
    },
    {
      "name": "Viek",
      "class": "B.tech",
      "section": "B",
      "sub1": 57,
      "sub2": 75,
      "sub3": 30
    },
    {
      "name": "Pravin",
      "class": "M.Sc",
      "section": "M",
      "sub1": 87,
      "sub2": 78,
      "sub3": 34
    },
    {
      "name": "Ankush",
      "class": "M.Com",
      "section": "K",
      "sub1": 80,
      "sub2": 33,
      "sub3": 29
    }
  ]
}